model_filename,balanced_accuracy_score,accuracy,roc_auc_score,f1_score,matthews_corrcoef
GRU_ptb_preds,0.9839287205427993,0.9883201648917898,0.9839287205427992,0.9919278252611586,0.9708329868409153
BidirGRU_ptb_preds,0.9831195553354919,0.9866025420817588,0.983119555335492,0.9907253269916766,0.9666069478319045
BILSTM187_ptb-2_preds,0.9808364274885653,0.9838543455857094,0.9808364274885651,0.988806858775899,0.9598570441539797
CNN_PTB_preds,0.898383904198603,0.9185846788045345,0.898383904198603,0.9436385255648038,0.7970711295992947
RNN_PTB_preds,0.595475613901176,0.7265544486430779,0.5954756139011759,0.824669603524229,0.2318812596053182
